{
  "2d1601c4-2791-4f11-af2d-744edf296f31": {
    "mean_hold": 106.55534178628386,
    "mean_dd": 233.0665091758425,
    "_num_samples": 4
  },
  "023b880f-14e1-4eef-8f71-d606b12eccb1": {
    "mean_hold": 106.55534178628386,
    "mean_dd": 233.0665091758425,
    "_num_samples": 3
  }
}